<?xml version="1.0" encoding="utf-8"?>
<ModuleInfo xmlns:xsd="http://www.w3.org/2001/XMLSchema" xmlns:xsi="http://www.w3.org/2001/XMLSchema-instance">
  <ModulePN>MOD01?????00??????</ModulePN>
  <Creator PN="01" Name="Acer-HQ1" />
  <Type PN="" Name="Drivers" />
  <Module PN="" Name="Acer Audio Driver Utility Acer Purified Voice Console" Alias="" GUID="" Serial="Acer Purified Voice Console" Provider="Acer" Class="Audio Driver Utility" />
  <WOS PN="93" Sku="WN All" CPU="X64" />
  <Lang>All language</Lang>
  <ModuleVersion>v1.0.31.0</ModuleVersion>
  <DriverVersion>v1.0.31.0</DriverVersion>
  <OptionVersion>Install_UWP.cmd</OptionVersion>
  <ProjectCodeName>NULL</ProjectCodeName>
  <OdmName>NBQCI</OdmName>
  <ModuleTimeout>30</ModuleTimeout>
  <InstallPreiod>UserAlaunch</InstallPreiod>
  <Reboot>False</Reboot>
  <Delete>False</Delete>
  <ReinstallProcessList>
    <Process Country="" OS-Language="" OS-Sku="" Check="" Timeout="0" RetCode="-" Params="" Exec="%RELATIVE_PATH%\Install_UWP.cmd" Order="00" Period="" />
  </ReinstallProcessList>
  <AutoRun>True</AutoRun>
  <InstallPath />
  <Description />
  <ProcessList>
    <Process Country="" OS-Language="" OS-Sku="" Check="False" Timeout="30" RetCode="-" Params="" Exec="%RELATIVE_PATH%\Install_UWP.cmd" Order="00" Period="" />
  </ProcessList>
  <RegItemList />
  <ModuleProperty>RCD,STCD,RSCD</ModuleProperty>
  <HWIDs>MUST;HDAUDIO\FUNC_01&amp;VEN_10EC&amp;DEV_0256&amp;SUBSYS_10251602;HDAUDIO\FUNC_01&amp;VEN_10EC&amp;DEV_0255&amp;SUBSYS_10251585;HDAUDIO\FUNC_01&amp;VEN_10EC&amp;DEV_0255&amp;SUBSYS_10251606;HDAUDIO\FUNC_01&amp;VEN_10EC&amp;DEV_0255&amp;SUBSYS_10251605;HDAUDIO\FUNC_01&amp;VEN_10EC&amp;DEV_0255&amp;SUBSYS_10251587</HWIDs>
  <AutoCheckHWID>True</AutoCheckHWID>
  <CheckRemove>True</CheckRemove>
  <MVPKernelVersion>2.0.7.1</MVPKernelVersion>
  <MVPUIVersion>2.0.8.2</MVPUIVersion>
  <LOB>Notebook</LOB>
</ModuleInfo>