<?xml version="1.0" encoding="utf-8"?>
<ModuleInfo xmlns:xsd="http://www.w3.org/2001/XMLSchema" xmlns:xsi="http://www.w3.org/2001/XMLSchema-instance">
  <ModulePN>MOD01?????00??????</ModulePN>
  <Creator PN="01" Name="Acer-HQ1" />
  <Type PN="" Name="Drivers" />
  <Module PN="" Name="Intel Wireless LAN_M AX200" Alias="" GUID="" Serial="AX200" Provider="Intel" Class="Wireless LAN_M" />
  <WOS PN="93" Sku="WN All" CPU="X64" />
  <Lang>All language</Lang>
  <ModuleVersion>v22.180.0.4_SV23</ModuleVersion>
  <DriverVersion>v22.180.0.4</DriverVersion>
  <OptionVersion>Install.cmd</OptionVersion>
  <ProjectCodeName>NULL</ProjectCodeName>
  <OdmName>NBQCI</OdmName>
  <ModuleTimeout>0</ModuleTimeout>
  <InstallPreiod>SCD_WinPE</InstallPreiod>
  <Reboot>False</Reboot>
  <Delete>False</Delete>
  <ReinstallProcessList>
    <Process Country="" OS-Language="" OS-Sku="" Check="" Timeout="0" RetCode="-" Params="" Exec="%RELATIVE_PATH%\Install.cmd" Order="00" Period="" />
  </ReinstallProcessList>
  <AutoRun>True</AutoRun>
  <InstallPath />
  <Description />
  <ProcessList>
    <Process Country="" OS-Language="" OS-Sku="" Check="False" Timeout="0" RetCode="-" Params="" Exec="%RELATIVE_PATH%\Install.cmd" Order="00" Period="" />
  </ProcessList>
  <RegItemList />
  <ModuleProperty>RCD,STCD,RSCD</ModuleProperty>
  <HWIDs>PCI\VEN_8086&amp;DEV_2723</HWIDs>
  <AutoCheckHWID>False</AutoCheckHWID>
  <CheckRemove>False</CheckRemove>
  <PackageFamilyName />
  <MVPKernelVersion>2.0.7.9</MVPKernelVersion>
  <MVPUIVersion>2.0.9.5</MVPUIVersion>
  <LOB>Notebook</LOB>
</ModuleInfo>